SampleID	CONTIG_COUNT	TOTAL_LENGTH	MIN	MAX	MEDIAN	MEAN	L50	N50	L90	N90	GC%	T2T_SCAFFOLDS	TELOMERE_FWD	TELOMERE_REV	BUSCO_Complete	BUSCO_Single	BUSCO_Duplicate	BUSCO_Fragmented	BUSCO_Missing	BUSCO_NumGenes	Reads	Mapped_reads	Average_Coverage
CCFEE_5036.AAFTF	175	19925181	512	584254	54164	113858.18	24	310430	72	83264	60.58	NA	17	14	96.1	96.0	0.1	1.2	2.7	1764	NA	11207032	165.3
DBVPG_10075.AAFTF	83	22685085	505	1559765	90390	273314.28	10	737661	31	246748	48.94	NA	NA	NA	90.2	90.0	0.2	1.9	7.9	1764	NA	12690886	84.5
DBVPG_3090.AAFTF	440	20113228	500	1281815	696	45711.88	21	287178	67	80514	60.46	NA	14	16	96.4	96.3	0.1	0.8	2.8	1764	NA	16531995	124.1
DBVPG_3235.AAFTF	245	19806251	512	773399	11193	80841.84	22	267044	79	67938	60.54	NA	14	14	95.4	95.2	0.2	1.0	3.6	1764	NA	9244139	70.5
DBVPG_3237.AAFTF	243	19858041	510	754238	20399	81720.33	26	251233	84	65432	60.53	NA	15	16	95.7	95.6	0.1	1.0	3.3	1764	NA	8077877	61.4
DBVPG_3238.AAFTF	404	19595708	500	703651	730	48504.23	22	309596	71	71145	60.49	NA	16	15	94.2	94.2	0.0	1.2	4.6	1764	NA	7526000	58.0
DBVPG_3381.AAFTF	174	19488812	514	1127923	16310	112004.67	17	323650	56	113954	60.55	NA	16	15	94.4	94.4	0.0	0.9	4.7	1764	NA	15281588	118.4
DBVPG_3382.AAFTF	182	19585255	532	879589	16858	107611.29	19	324766	59	112391	60.55	NA	19	12	94.9	94.8	0.1	0.8	4.3	1764	NA	14073482	108.5
DBVPG_3383.AAFTF	204	19478824	500	824039	11192	95484.43	21	283856	65	88376	60.58	NA	19	12	94.4	94.4	0.0	0.9	4.7	1764	NA	8854490	68.6
DBVPG_3384.AAFTF	211	19528850	518	1163064	11966	92553.79	21	265652	67	91653	60.57	NA	17	13	94.4	94.4	0.0	0.9	4.7	1764	NA	8743786	67.6
DBVPG_3442.AAFTF	349	20250264	500	786072	837	58023.68	25	275475	76	81211	60.48	NA	13	18	96.7	96.1	0.6	1.1	2.2	1764	NA	8717739	65.0
DBVPG_3443.AAFTF	228	20028674	501	756571	10500	87845.06	24	290229	75	80451	60.53	NA	14	17	96.6	96.5	0.1	1.3	2.1	1764	NA	9679820	73.0
DBVPG_3444.AAFTF	841	39429162	500	497453	20649	46883.66	105	115305	354	30303	60.35	NA	29	36	96.7	25.4	71.3	1.4	1.9	1764	NA	9280430	35.5
DBVPG_3538.AAFTF	12	56028	608	22476	2137	4669.00	2	9185	7	1746	45.83	NA	NA	NA	0.1	0.1	0.0	0.0	99.9	1764	NA	272992	735.7
DBVPG_3768.AAFTF	151	19102890	505	2024694	18631	126509.21	13	418713	46	110874	61.99	1	12	17	93.7	93.5	0.2	1.0	5.3	1764	NA	11215555	88.7
DBVPG_3769.AAFTF	142	18307875	505	1093198	10144	128928.70	13	451013	42	115248	62.04	1	15	15	90.8	90.6	0.2	1.2	8.0	1764	NA	NA	NA
DBVPG_3770.AAFTF	128	19014547	511	1306163	22560	148551.15	13	451026	42	147962	62.00	1	13	16	93.5	93.3	0.2	1.2	5.3	1764	NA	15037403	119.4
DBVPG_3771.AAFTF	220	19416574	505	1041157	20886	88257.15	24	230406	77	73845	62.03	NA	15	14	94.9	94.8	0.1	1.4	3.7	1764	NA	6812664	53.0
DBVPG_3772.AAFTF	115	18094653	506	1093680	32376	157344.81	12	457605	39	154517	62.04	1	13	16	90.2	90.0	0.2	1.2	8.6	1764	NA	NA	NA
DBVPG_3773.AAFTF	163	19474243	511	1041456	26574	119473.88	19	345285	56	101542	62.03	NA	15	15	95.6	95.3	0.3	1.2	3.2	1764	NA	11834950	91.8
DBVPG_3774.AAFTF	189	19483286	520	949403	11192	103086.17	18	331239	59	104945	60.55	NA	14	17	94.2	94.2	0.0	1.0	4.8	1764	NA	11916821	92.4
DBVPG_3775.AAFTF	259	19971861	519	756590	32836	77111.43	30	198700	100	53869	60.57	NA	21	10	97.0	96.9	0.1	0.9	2.1	1764	NA	5472896	41.4
DBVPG_3776.AAFTF	223	20030989	504	756599	4263	89825.06	24	291070	71	103520	60.52	NA	14	17	97.0	96.9	0.1	0.9	2.1	1764	NA	12911489	97.3
DBVPG_3777.AAFTF	197	20006878	519	893420	28241	101557.76	22	296500	69	87077	60.54	NA	20	11	96.6	96.5	0.1	1.1	2.3	1764	NA	13345623	100.7
DBVPG_3778.AAFTF	324	19961131	503	580083	26116	61608.43	38	157324	126	43200	60.57	NA	21	11	96.4	96.3	0.1	1.4	2.2	1764	NA	5794283	43.8
DBVPG_3780.AAFTF	28	30531	501	8275	555	1090.39	5	1667	22	519	55.33	NA	NA	NA	0.1	0.1	0.0	0.0	99.9	1764	NA	29894	147.8
DBVPG_3853.AAFTF	173	18293568	505	983891	22476	105743.17	19	309925	62	80096	62.00	NA	14	14	90.6	90.4	0.2	1.3	8.1	1764	NA	11734740	96.9
DBVPG_3854.AAFTF	878	39178349	500	642026	4573	44622.27	75	157877	255	40887	60.59	NA	39	25	97.4	24.4	73.0	0.9	1.7	1764	NA	16254622	62.6
DBVPG_3855.AAFTF	373	39602231	500	1392531	15454	106172.20	37	347681	117	88744	60.65	NA	29	34	97.8	18.8	79.0	0.6	1.6	1764	NA	NA	NA
DBVPG_3856.AAFTF	986	39916276	502	317443	19800	40483.04	131	94620	436	25700	60.65	NA	37	28	97.0	25.3	71.7	0.9	2.1	1764	NA	11773026	44.5
DBVPG_3857.AAFTF	876	39933818	502	496447	15442	45586.55	97	130616	329	33029	60.62	NA	30	35	97.4	23.4	74.0	0.9	1.7	1764	NA	12428660	47.0
DBVPG_3858.AAFTF	157	19988960	520	1072966	28119	127318.22	17	351381	55	114846	60.57	NA	17	14	97.0	96.9	0.1	0.8	2.2	1764	NA	NA	NA
DBVPG_3983.AAFTF	440	20017813	500	895657	760	45495.03	22	267442	73	71308	60.47	NA	10	20	96.1	95.9	0.2	0.9	3.0	1764	NA	16120594	121.6
DBVPG_3984.AAFTF	226	19890191	501	897173	11193	88009.69	22	281932	72	73135	60.54	NA	10	19	95.8	95.7	0.1	0.9	3.3	1764	NA	12589568	95.6
DBVPG_4201.AAFTF	214	20077253	500	793939	8495	93818.94	20	341457	64	94092	60.53	NA	13	19	96.2	96.1	0.1	1.1	2.7	1764	NA	10048680	75.6
DBVPG_4202.AAFTF	325	19895892	500	828442	1446	61218.13	26	260421	80	67644	60.51	NA	15	16	95.8	95.7	0.1	0.9	3.3	1764	NA	9400397	71.3
DBVPG_4203.AAFTF	184	19447172	503	972693	9348	105691.15	18	394487	53	103871	60.56	NA	17	14	94.3	94.2	0.1	0.9	4.8	1764	NA	13368088	103.8
DBVPG_4376.AAFTF	216	19739854	508	828287	23625	91388.21	25	272188	76	78196	60.58	NA	19	12	95.2	95.2	0.0	1.1	3.7	1764	NA	14970336	114.5
DBVPG_4377.AAFTF	1304	20615880	500	500141	639	15809.72	36	179318	123	44375	60.19	NA	19	12	95.8	95.7	0.1	1.2	3.0	1764	NA	6818938	49.9
DBVPG_4378.AAFTF	159	19674327	504	1135563	10852	123737.91	16	403744	52	119040	60.58	NA	15	17	95.5	95.4	0.1	0.9	3.6	1764	NA	NA	NA
DBVPG_4380.AAFTF	5903	36643034	500	344748	2979	6207.53	791	12779	3113	2710	59.98	NA	24	34	90.3	62.3	28.0	5.1	4.6	1764	NA	6113950	25.2
DBVPG_4408.AAFTF	273	19867656	504	731047	17726	72775.30	28	199765	96	62660	60.55	NA	12	19	NA	NA	NA	NA	NA	NA	NA	5501291	41.5
DBVPG_4466.AAFTF	212	19442786	500	828441	21985	91711.25	22	296982	71	86454	60.56	NA	16	15	NA	NA	NA	NA	NA	NA	NA	6312177	48.7
DBVPG_4530.AAFTF	106	19690518	548	1107391	98663	185759.60	14	427117	46	128749	60.70	NA	13	20	NA	NA	NA	NA	NA	NA	NA	3715128	28.3
DBVPG_4531.AAFTF	155	19654437	500	1161962	22334	126802.82	15	469118	49	109149	60.59	NA	16	17	NA	NA	NA	NA	NA	NA	NA	5380719	41.1
DBVPG_4534.AAFTF	2	10080	1952	8128	8128	5040.00	1	8128	2	1952	50.77	NA	NA	NA	NA	NA	NA	NA	NA	NA	NA	67834	1009.4
DBVPG_4610.AAFTF	199	20869562	501	1125062	56964	104872.17	28	223313	87	79809	64.09	NA	12	15	97.5	97.4	0.1	0.8	1.7	1764	NA	NA	NA
DBVPG_4618.AAFTF	4	16425	773	8275	6457	4106.25	1	8275	3	920	53.47	NA	NA	NA	NA	NA	NA	NA	NA	NA	NA	95213	869.5
DBVPG_4629.AAFTF	13	57202	524	28617	1087	4400.15	1	28617	6	1790	49.03	NA	NA	NA	NA	NA	NA	NA	NA	NA	NA	549457	1440.8
DBVPG_4669.AAFTF	8	21187	920	8295	1838	2648.38	2	3240	7	1591	50.78	NA	NA	NA	NA	NA	NA	NA	NA	NA	NA	68672	486.2
DBVPG_4920.AAFTF	268	20002046	501	756537	31456	74634.50	31	189416	105	54944	60.53	NA	16	16	NA	NA	NA	NA	NA	NA	NA	4210423	31.6
DBVPG_4945.AAFTF	288	19799631	511	756334	19450	68748.72	31	172060	106	53955	60.57	NA	15	18	NA	NA	NA	NA	NA	NA	NA	3429148	26.0
DBVPG_4946.AAFTF	198	20134454	510	1265189	50805	101689.16	23	266308	77	88180	60.53	1	16	15	NA	NA	NA	NA	NA	NA	NA	6048881	45.1
DBVPG_4947.AAFTF	259	20035248	511	935417	16843	77356.17	24	252753	87	64308	60.55	NA	18	15	NA	NA	NA	NA	NA	NA	NA	5109070	38.3
DBVPG_7922.AAFTF	525	20297710	500	306167	11562	38662.30	66	101732	194	32730	61.30	NA	18	11	96.4	96.4	0.0	1.2	2.4	1764	NA	5892599	43.8
DBVPG_7947.AAFTF	146	18912674	513	1460850	18465	129538.86	12	417786	42	112243	65.66	NA	15	8	98.1	98.0	0.1	0.4	1.5	1764	NA	18984863	151.6
F6_1S_P_1A.AAFTF	135	19391818	501	1044446	10500	143643.10	15	517812	41	161478	60.58	NA	14	17	93.6	93.5	0.1	0.9	5.5	1764	NA	23432917	181.6
F6_1S_P_1B.AAFTF	159	19537366	501	972698	5921	122876.52	17	446521	43	161468	60.57	NA	15	17	94.5	94.4	0.1	0.9	4.6	1764	NA	28277761	217.4
F6_1S_P_1C.AAFTF	153	19541211	501	1044674	8363	127720.33	15	446648	44	125018	60.57	NA	15	17	94.7	94.6	0.1	0.7	4.6	1764	NA	27145452	208.7
F6_4S_B_2A.AAFTF	136	19423324	501	828444	16420	142818.56	17	439743	45	158242	60.59	NA	16	14	94.4	94.3	0.1	0.9	4.7	1764	NA	25191452	194.9
F6_4S_B_2B.AAFTF	187	19510736	506	1594790	4639	104335.49	11	570648	43	92800	60.58	1	10	14	93.6	93.5	0.1	0.7	5.7	1764	NA	16703974	128.6
F6_4S_B_2C.AAFTF	156	19535566	501	972668	8405	125227.99	16	446015	45	129050	60.57	NA	14	18	94.5	94.4	0.1	0.9	4.6	1764	NA	25219806	193.9
F6_4S_P_3B.AAFTF	148	19534546	541	1044392	9343	131990.18	15	499240	43	125018	60.57	1	13	19	94.4	94.3	0.1	0.9	4.7	1764	NA	13496493	103.9
F6_4S_P_3C.AAFTF	155	19537044	501	828442	10548	126045.45	17	423024	47	125018	60.57	NA	15	17	94.5	94.4	0.1	0.9	4.6	1764	NA	19070535	146.7
F6_4S_P_4A.AAFTF	154	19547702	501	1044402	9784	126933.13	16	446586	46	129023	60.57	NA	19	13	94.3	94.2	0.1	0.9	4.8	1764	NA	14902908	114.6
F6_4S_P_4B.AAFTF	152	19542355	501	1044795	8405	128568.12	16	429743	44	143751	60.57	NA	18	14	94.4	94.3	0.1	1.0	4.6	1764	NA	28343604	217.8
F6_4S_P_5A.AAFTF	141	19541696	501	1045106	9343	138593.59	15	517740	41	161480	60.57	NA	15	17	94.5	94.4	0.1	0.9	4.6	1764	NA	27234438	209.4
F6_4S_P_5B.AAFTF	158	19539099	502	828471	8405	123665.18	16	447068	46	125017	60.57	NA	15	17	94.3	94.2	0.1	1.0	4.7	1764	NA	17446744	134.1
F6_6S_B_1A.AAFTF	159	19539462	514	972670	8380	122889.70	17	429736	46	129040	60.57	NA	14	18	94.4	94.3	0.1	1.0	4.6	1764	NA	24624674	189.4
F6_6S_B_1B.AAFTF	168	19534604	501	972661	10500	116277.40	17	423024	48	118792	60.57	NA	14	18	94.6	94.5	0.1	0.7	4.7	1764	NA	16989698	130.7
F6_6S_B_1C.AAFTF	155	19384881	517	1105208	8502	125063.75	16	424672	45	129048	60.58	NA	12	19	93.6	93.5	0.1	0.8	5.6	1764	NA	17377706	134.7
F6_6S_P_1A.AAFTF	160	19538210	510	1270251	9216	122113.81	16	424672	47	123287	60.57	1	16	16	94.5	94.4	0.1	0.7	4.8	1764	NA	14688845	113.0
F6_6S_P_1B.AAFTF	145	19538934	501	1044444	9343	134751.27	15	424672	42	166565	60.57	NA	19	13	94.4	94.3	0.1	0.8	4.8	1764	NA	28643133	220.3
F6_6S_P_1C.AAFTF	137	19537444	501	1044438	10500	142609.08	15	517848	41	158249	60.57	NA	18	14	94.6	94.5	0.1	0.7	4.7	1764	NA	17995211	138.4
F6_6S_P_2A.AAFTF	139	19538878	501	1044438	10500	140567.47	15	499253	41	158213	60.57	NA	10	22	94.4	94.3	0.1	0.9	4.7	1764	NA	29688965	228.3
F6_6S_P_2B.AAFTF	143	19541641	501	1061094	7483	136654.83	15	517854	39	158226	60.57	NA	19	13	94.5	94.4	0.1	0.9	4.6	1764	NA	25676481	197.4
F6_7S_B_2A.AAFTF	153	20057925	524	1280746	16021	131097.55	16	407911	50	126232	60.58	NA	16	14	97.4	97.3	0.1	0.7	1.9	1764	NA	30755330	230.4
F6_7S_B_2B.AAFTF	180	20052604	505	856352	11133	111403.36	20	339310	59	117729	60.58	NA	13	17	97.2	97.1	0.1	0.9	1.9	1764	NA	17352705	129.9
F6_7S_B_2C.AAFTF	169	20052454	507	890770	11133	118653.57	19	350590	55	117726	60.58	NA	12	18	97.3	97.2	0.1	0.8	1.9	1764	NA	13883355	104.0
F6_7S_P_6B.AAFTF	157	20062458	524	901334	16021	127786.36	17	389401	52	129053	60.58	NA	16	14	97.2	97.2	0.0	0.9	1.9	1764	NA	28848367	216.1
F6_7S_P_7A.AAFTF	169	20052662	516	890649	10645	118654.80	18	389332	54	117731	60.58	NA	14	16	97.2	97.1	0.1	0.7	2.1	1764	NA	25961263	194.5
F6_7S_P_7B.AAFTF	175	20059436	516	890752	10645	114625.35	19	339319	56	126253	60.58	NA	17	13	97.4	97.3	0.1	0.7	1.9	1764	NA	21421492	160.1
F6_7S_P_7C.AAFTF	169	20059521	507	1062416	8437	118695.39	18	350593	52	129060	60.58	NA	17	13	97.2	97.1	0.1	0.9	1.9	1764	NA	21421243	160.5
F6_8S_B_1B.AAFTF	189	19885575	506	1594688	4971	105214.68	12	536033	45	93073	60.57	1	7	17	95.6	95.5	0.1	0.7	3.7	1764	NA	27846007	210.4
F6_8S_P_5A.AAFTF	151	19368326	500	1727441	9368	128267.06	12	560833	40	125620	60.01	2	14	19	93.0	92.9	0.1	1.4	5.6	1764	NA	26279704	203.9
F6_8S_P_5B.AAFTF	151	19511312	500	1842500	7507	129213.99	11	507329	41	125780	60.02	2	13	21	93.5	93.4	0.1	1.3	5.2	1764	NA	30818450	237.3
F6_8S_P_6A.AAFTF	177	19512563	506	1468268	4296	110240.47	12	536039	41	99046	60.58	1	12	12	93.5	93.4	0.1	0.8	5.7	1764	NA	28581581	220.1
F6_8S_P_6B.AAFTF	199	19899816	507	1468260	9137	99999.08	15	427658	56	88124	60.57	NA	9	15	95.8	95.7	0.1	0.8	3.4	1764	NA	6758547	51.1
F8_1S_2B.AAFTF	136	18639821	545	1044928	21987	137057.51	17	418571	46	125449	60.58	1	16	14	90.7	90.6	0.1	1.0	8.3	1764	NA	21523492	173.4
F8_1S_3B.AAFTF	143	19539443	501	1044690	11519	136639.46	15	445012	43	125018	60.57	NA	19	13	94.4	94.3	0.1	0.9	4.7	1764	NA	26155475	201.0
F8_3S_1B.AAFTF	149	19541786	501	1270207	10500	131152.93	16	424936	45	129050	60.57	1	18	14	94.5	94.4	0.1	0.9	4.6	1764	NA	23763797	182.7
F8_3S_1P.AAFTF	142	19417320	515	778751	20547	136741.69	17	438444	47	125440	60.59	1	14	17	94.5	94.4	0.1	0.7	4.8	1764	NA	22726066	175.8
F8_3S_2B.AAFTF	150	19538649	501	904282	10548	130257.66	16	468497	44	129049	60.57	NA	22	10	94.4	94.3	0.1	0.9	4.7	1764	NA	21273706	163.6
F8_3S_2P.AAFTF	155	19581634	514	972528	16421	126333.12	18	392890	52	121911	60.58	NA	16	14	94.8	94.7	0.1	0.9	4.3	1764	NA	14356382	110.1
F8_3S_3B.AAFTF	155	19538931	501	1044693	9343	126057.62	16	446016	46	125018	60.57	NA	19	13	94.4	94.3	0.1	1.0	4.6	1764	NA	23732303	182.5
F8_3S_3P.AAFTF	143	19940196	536	1044418	8405	139441.93	16	473006	43	161500	60.56	NA	14	18	96.0	95.9	0.1	0.9	3.1	1764	NA	23695095	178.6
F8_4S_1P.AAFTF	137	19418982	514	828482	18212	141744.39	17	438428	46	158259	60.59	NA	11	19	94.3	94.2	0.1	1.0	4.7	1764	NA	22463818	173.6
F8_4S_2P.AAFTF	134	19415367	543	1044936	21990	144890.80	17	438252	45	143683	60.59	NA	16	14	94.4	94.3	0.1	0.9	4.7	1764	NA	29950062	231.8
F8_4S_5B.AAFTF	143	19411974	501	1044679	16420	135748.07	17	406200	47	145625	60.59	NA	15	15	94.4	94.3	0.1	0.9	4.7	1764	NA	13141610	101.7
F8_5S_2B.AAFTF	142	19537793	541	904213	8405	137590.09	15	517842	40	158214	60.57	NA	17	15	94.4	94.3	0.1	0.8	4.8	1764	NA	26427562	203.3
F8_5S_3B.AAFTF	283	19877057	504	755706	13346	70236.95	28	214426	96	54529	60.56	NA	17	15	95.5	95.4	0.1	1.2	3.3	1764	NA	3030131	22.9
F8_5S_4P.AAFTF	163	19538409	510	904394	6962	119867.54	17	424669	46	129054	60.57	NA	13	19	94.5	94.4	0.1	0.9	4.6	1764	NA	27708922	213.0
F8_5S_5P.AAFTF	144	18711614	501	1044418	7483	129941.76	14	510587	40	129042	60.55	NA	17	15	90.7	90.6	0.1	0.9	8.4	1764	NA	24469460	196.5
F8_6S_1B.AAFTF	135	19420117	501	1044422	21366	143852.72	16	438419	44	129061	60.59	NA	14	16	94.4	94.3	0.1	0.8	4.8	1764	NA	23339443	180.5
F8_6S_2B.AAFTF	136	19417768	501	828439	20512	142777.71	17	445096	46	143596	60.59	NA	21	9	94.4	94.3	0.1	1.0	4.6	1764	NA	21942708	169.8
IF1SG-B1.AAFTF	153	19602317	512	947393	10852	128119.72	17	446303	49	110968	60.58	NA	19	14	94.9	94.8	0.1	0.6	4.5	1764	NA	22467422	172.2
IF1SW-B1.AAFTF	157	19598219	510	947454	11192	124829.42	17	406264	52	120259	60.57	NA	18	15	95.0	94.9	0.1	0.6	4.4	1764	NA	26529772	203.3
IF1SW-F2.AAFTF	582	19851614	498	904468	724	34109.30	18	378835	54	103681	60.56	NA	19	18	94.4	94.3	0.1	1.0	4.6	1764	NA	17991668	136.1
IF2SG-B1.AAFTF	154	19602610	512	947387	10852	127289.68	17	406259	51	118950	60.58	NA	15	18	94.9	94.8	0.1	0.7	4.4	1764	NA	31450862	240.9
IF3SG-B1.AAFTF	159	19600024	504	947398	6966	123270.59	17	429682	49	129066	60.57	NA	14	19	94.8	94.7	0.1	0.7	4.5	1764	NA	33582384	257.4
IF3SW-F2.AAFTF	157	19538179	502	972664	7483	124447.00	16	446014	44	129047	60.57	1	13	19	94.3	94.2	0.1	0.9	4.8	1764	NA	20556997	158.0
IF4SW-B1.AAFTF	145	19542281	501	1060848	7483	134774.35	15	510831	40	158255	60.57	NA	18	14	94.4	94.3	0.1	0.9	4.7	1764	NA	30287600	232.7
IF4SW-B2.AAFTF	146	19603099	504	935182	11192	134267.80	18	446527	49	120304	60.57	NA	19	14	94.9	94.8	0.1	0.7	4.4	1764	NA	28750126	220.2
IF4SW-F2.AAFTF	156	19600201	504	935205	16431	125642.31	18	398716	53	119893	60.58	NA	17	16	94.9	94.8	0.1	0.7	4.4	1764	NA	18474027	141.6
IF5SW-F1.AAFTF	146	19539837	501	1215722	8405	133834.50	14	499216	42	129053	60.57	NA	21	11	94.5	94.4	0.1	0.8	4.7	1764	NA	29288364	225.2
IF6SG-B1.AAFTF	156	19600263	512	935228	42915	125642.71	18	406222	56	110968	60.57	NA	17	16	94.7	94.6	0.1	0.9	4.4	1764	NA	29112402	222.9
IF6SW-B2.AAFTF	148	19598970	504	942772	16450	132425.47	17	435081	51	119964	60.57	NA	18	15	95.0	94.9	0.1	0.7	4.3	1764	NA	26762103	205.1
IF6SW-F1.AAFTF	154	19604755	512	935194	10500	127303.60	17	459627	50	120260	60.58	NA	22	11	95.0	94.9	0.1	0.6	4.4	1764	NA	28663726	219.7
IF7SG-B1.AAFTF	143	19602276	512	947385	16425	137078.85	17	406241	50	125913	60.57	NA	18	15	94.9	94.8	0.1	0.7	4.4	1764	NA	35910140	274.9
IF7SW-B3.AAFTF	153	19605755	504	1009182	10186	128142.19	16	446526	49	119591	60.57	NA	19	14	94.9	94.8	0.1	0.7	4.4	1764	NA	26194346	200.7
IF8SG-B1.AAFTF	153	19601160	504	935207	44789	128112.16	17	426311	54	112999	60.57	NA	18	15	94.8	94.7	0.1	0.8	4.4	1764	NA	27755367	212.7
IF8SW-B2.AAFTF	163	19597889	504	947382	7947	120232.45	17	357388	52	120324	60.57	NA	14	19	95.0	94.9	0.1	0.7	4.3	1764	NA	31190027	238.9
IF8SW-P2.AAFTF	140	19541737	501	1061073	8405	139583.84	15	499239	40	158209	60.57	NA	15	17	94.6	94.5	0.1	0.8	4.6	1764	NA	28620071	220.0
IFCSG-B1.AAFTF	154	19600448	504	947394	10852	127275.64	17	406233	51	120286	60.57	NA	9	24	94.9	94.8	0.1	0.7	4.4	1764	NA	23199971	177.7
IIF1SW-F1.AAFTF	154	19537558	501	903926	10548	126867.26	17	425675	47	125018	60.57	NA	18	14	94.5	94.4	0.1	0.8	4.7	1764	NA	19455231	149.6
IIF2SW-F1.AAFTF	156	18662195	504	756698	11192	119629.46	18	395415	53	110968	60.55	NA	15	17	90.6	90.5	0.1	0.9	8.5	1764	NA	28015632	225.5
IIF2XSW-B1.AAFTF	156	19602484	504	935351	11192	125656.95	18	417219	52	118752	60.57	NA	22	11	94.9	94.8	0.1	0.7	4.4	1764	NA	24764743	189.7
IIF2XSW-F1.AAFTF	165	19596646	504	935349	10186	118767.55	18	446269	54	110968	60.58	NA	14	19	94.8	94.7	0.1	0.8	4.4	1764	NA	19646187	150.6
IIF4SW-F1.AAFTF	141	19413583	514	972566	20512	137684.99	18	424665	48	132254	60.59	NA	20	10	94.6	94.5	0.1	0.8	4.6	1764	NA	14092986	109.1
IIF5SW-F2.AAFTF	136	19028515	501	972583	10549	139915.55	17	424665	44	129039	60.59	NA	15	14	93.1	93.0	0.1	0.7	6.2	1764	NA	31245162	246.7
IIF6SW-B1.AAFTF	148	18712651	519	904198	10548	126436.83	16	446008	45	125018	60.55	NA	16	16	90.6	90.5	0.1	0.9	8.5	1764	NA	24565741	197.2
IIF6SW-B2.AAFTF	157	19600735	504	935205	11192	124845.45	18	395857	52	117804	60.58	NA	14	19	94.9	94.8	0.1	0.7	4.4	1764	NA	27125412	207.9
IIF6SW-F1.AAFTF	162	19598567	504	935332	10500	120978.81	18	446527	53	112782	60.58	NA	17	16	94.9	94.8	0.1	0.7	4.4	1764	NA	19757255	151.5
IIF8SW-B2.AAFTF	152	19603320	504	947375	21648	128969.21	18	396340	53	119287	60.57	NA	17	16	95.1	95.0	0.1	0.7	4.2	1764	NA	20137405	154.3
IIF8SW-B3.AAFTF	152	19602649	506	935212	41557	128964.80	18	406470	53	119592	60.58	NA	19	14	94.9	94.8	0.1	0.7	4.4	1764	NA	22336062	171.1
IIF8SW-F1.AAFTF	148	19469318	512	947381	21648	131549.45	17	406229	50	118752	60.57	NA	17	16	93.9	93.8	0.1	0.6	5.5	1764	NA	26211551	202.3
IIFCSW-F1.AAFTF	149	19540562	510	972699	10500	131144.71	17	424672	46	154128	60.57	NA	18	14	94.5	94.4	0.1	0.8	4.7	1764	NA	21255448	163.3
NRRL_Y-17376.AAFTF	383	19575185	505	646604	8799	51110.14	31	183861	123	38882	65.91	NA	11	14	97.3	97.1	0.2	0.9	1.8	1764	NA	NA	NA
NRRL_Y-2474.AAFTF	326	20456604	501	626388	10821	62750.32	28	212841	99	51840	68.00	NA	11	18	98.7	98.6	0.1	0.4	0.9	1764	NA	NA	NA
NRRL_Y-2504.AAFTF	127	18256576	507	1378761	13101	143752.57	13	479374	38	163517	62.03	1	14	13	91.1	90.9	0.2	1.0	7.9	1764	NA	NA	NA
NRRL_Y-7192.AAFTF	121	17422696	506	1679734	40843	143989.22	10	504169	41	82689	63.52	1	17	15	96.9	96.8	0.1	0.9	2.2	1764	NA	NA	NA
RIT389.AAFTF	1667	39399116	500	191444	13093	23634.74	251	48149	820	13662	60.29	NA	NA	4	96.6	30.1	66.5	1.3	2.1	1764	NA	3799408	20.2
SB-353.AAFTF	265	20047359	501	791532	21792	75650.41	32	196438	96	65290	60.47	NA	10	21	96.2	96.1	0.1	1.4	2.4	1764	NA	17720069	82.2
TFCN_0520-4-2-2.AAFTF	193	19546858	507	755460	49237	101279.06	28	223551	84	72829	60.63	NA	15	18	96.9	96.9	0.0	0.9	2.2	1764	NA	NA	NA
TFCN_100D-1.AAFTF	226	19839843	504	828455	7970	87786.92	22	292246	70	79630	60.57	NA	10	19	96.0	95.9	0.1	0.9	3.1	1764	NA	5842196	44.2
TFCN_102C-1.AAFTF	213	19884681	519	905063	21986	93355.31	23	269755	73	78213	60.57	2	18	13	95.7	95.6	0.1	1.0	3.3	1764	NA	5742838	43.3
TFCN_102D-1.AAFTF	201	19639981	515	973544	12149	97711.35	20	295555	63	89387	60.57	NA	17	13	95.0	94.9	0.1	0.9	4.1	1764	NA	6114317	46.7
TFCN_102D-2.AAFTF	240	19989546	515	675927	26207	83289.77	27	202887	88	65217	60.57	NA	13	18	96.7	96.6	0.1	1.1	2.2	1764	NA	4891188	36.7
TFCN_105A-2.AAFTF	173	19873939	500	946735	22076	114878.26	19	392253	56	118758	60.57	1	11	21	94.9	94.7	0.2	0.9	4.2	1764	NA	9366966	70.7
TFCN_106A-1.AAFTF	229	19787821	510	791630	10885	86409.70	23	277272	73	76632	60.58	NA	15	16	95.9	95.8	0.1	1.0	3.1	1764	NA	5256808	39.8
TFCN_107A-6.AAFTF	229	19817286	515	676008	23200	86538.37	27	249929	83	71198	60.57	NA	14	15	95.8	95.7	0.1	1.1	3.1	1764	NA	5032466	38.1
TFCN_107C-3.AAFTF	186	19458158	515	972495	16310	104613.75	18	427457	58	89387	60.59	NA	14	16	94.5	94.5	0.0	1.0	4.5	1764	NA	7904990	60.9
TFCN_110C-1.AAFTF	164	19794647	502	791633	28338	120699.07	18	384424	55	105503	60.58	NA	12	20	95.8	95.7	0.1	0.9	3.3	1764	NA	NA	NA
TFCN_118C-2.AAFTF	190	19559397	501	828448	16608	102944.19	20	341483	62	87021	60.59	NA	10	19	94.9	94.9	0.0	1.1	4.0	1764	NA	28773266	222.1
TFCN_122C-2.AAFTF	181	19588488	514	828424	10500	108223.69	20	332319	59	105957	60.58	NA	16	16	94.9	94.8	0.1	0.9	4.2	1764	NA	NA	NA
TFCN_130D-4.AAFTF	147	19285371	515	828448	22388	131193.00	18	421806	49	114512	60.61	1	10	20	93.8	93.7	0.1	1.0	5.2	1764	NA	NA	NA
TFCN_134A-3.AAFTF	191	19504317	506	1189853	8273	102116.84	14	435218	51	97674	60.58	1	12	11	93.3	93.2	0.1	0.9	5.8	1764	NA	NA	NA
TFCN_137C-3.AAFTF	244	19906507	515	833579	23427	81584.05	27	233790	88	66435	60.57	NA	20	11	96.3	96.3	0.0	1.0	2.7	1764	NA	NA	NA
TFCN_137D-4.AAFTF	215	19746418	563	516391	43337	91843.80	30	209427	97	56985	60.57	NA	17	14	95.5	95.4	0.1	1.2	3.3	1764	NA	NA	NA
TFCN_138A-1.AAFTF	201	20081525	503	759040	27823	99908.08	22	324474	72	78146	60.57	NA	15	17	95.1	94.2	0.9	1.2	3.7	1764	NA	NA	NA
TFCN_140A-3.AAFTF	217	19547167	522	1350700	20356	90079.11	19	265387	73	69278	60.59	NA	17	13	94.7	94.7	0.0	1.1	4.2	1764	NA	NA	NA
TFCN_141C-2.AAFTF	216	19540683	524	828391	21359	90466.12	23	295212	75	70503	60.57	NA	14	17	94.5	94.4	0.1	1.4	4.1	1764	NA	NA	NA
TFCN_152A-1.AAFTF	652	39529417	500	864902	17180	60627.94	72	167629	239	46809	60.31	NA	32	27	97.4	19.4	78.0	0.7	1.9	1764	NA	20737329	79.2
TFCN_152A-12.AAFTF	167	19503740	510	972557	20512	116788.86	19	329396	55	110817	60.60	NA	13	18	94.9	94.8	0.1	1.0	4.1	1764	NA	NA	NA
TFCN_152A-2.AAFTF	225	20013923	512	926327	5469	88950.77	19	351685	60	101495	60.51	NA	14	16	96.4	96.3	0.1	1.0	2.6	1764	NA	34189764	258.0
TFCN_152A-4.AAFTF	163	20621431	503	1456154	2931	126511.85	12	575401	35	167206	61.84	2	16	16	98.4	98.1	0.3	0.5	1.1	1764	NA	NA	NA
TFCN_152A-5.AAFTF	230	19453492	514	758687	15332	84580.40	26	252776	78	70758	60.60	1	15	14	94.4	94.3	0.1	1.1	4.5	1764	NA	NA	NA
TFCN_152A-6.AAFTF	222	20617670	503	1456153	1639	92872.39	12	575388	37	160656	61.85	1	16	15	98.4	98.1	0.3	0.3	1.3	1764	NA	NA	NA
TFCN_152C-2.AAFTF	5	172518	5145	72460	16512	34503.60	2	69517	3	16512	44.22	NA	NA	NA	NA	NA	NA	NA	NA	NA	NA	NA	NA
TFCN_152C-3.AAFTF	175	20617420	500	1456130	4111	117813.83	13	538719	39	160713	61.85	1	14	16	98.3	98.0	0.3	0.5	1.2	1764	NA	NA	NA
TFCN_152C-5.AAFTF	264	19832322	515	720613	22635	75122.43	30	200331	99	60633	60.57	NA	14	16	95.5	95.4	0.1	1.2	3.3	1764	NA	NA	NA
TFCN_152C-6.AAFTF	117	19549779	506	933459	29395	167092.13	15	512587	39	147377	60.63	1	14	19	97.2	97.2	0.0	0.7	2.1	1764	NA	42102274	325.2
TFCN_152D-4.AAFTF	207	20612715	506	1046527	20892	99578.33	21	286571	70	85275	61.85	NA	18	14	98.4	98.1	0.3	0.3	1.3	1764	NA	NA	NA
TFCN_152D-6.AAFTF	231	20608926	502	1456135	1486	89216.13	12	575390	38	167206	61.86	2	15	16	98.3	98.0	0.3	0.4	1.3	1764	NA	NA	NA
TFCN_17-0-2E329-4.AAFTF	12480	17429087	500	28419	1066	1396.56	3173	1690	9548	700	67.58	NA	10	18	42.7	42.7	0.0	31.8	25.5	1764	NA	3477571	30.1
TFCN_17-0-2E334-10.AAFTF	225	19407256	501	800046	22133	86254.47	24	250313	78	65585	60.59	NA	18	15	94.2	94.2	0.0	1.0	4.8	1764	NA	21660327	168.5
TFCN_17-0-2E334-4.AAFTF	688	39404278	501	627304	22221	57273.66	79	145044	266	43218	60.31	NA	28	35	97.2	20.0	77.2	1.1	1.7	1764	NA	37634381	144.2
TFCN_17-0-2E337-3.AAFTF	6	15427	777	8130	2009	2571.17	1	8130	5	920	50.15	NA	NA	NA	NA	NA	NA	NA	NA	NA	NA	NA	NA
TFCN_17-0-2E390-1.AAFTF	391	38662836	500	1478744	14289	98881.93	37	306459	126	84450	60.32	NA	35	25	97.8	22.0	75.8	0.6	1.6	1764	NA	88262408	344.7
TFCN_17-0-2E390-2.AAFTF	510	38953019	500	902568	14284	76378.47	50	232610	171	62283	60.30	NA	34	28	97.7	21.3	76.4	0.8	1.5	1764	NA	43246835	167.6
TFCN_17-267M-1.AAFTF	345	39096239	503	1419025	25058	113322.43	35	347168	118	91993	60.32	NA	28	35	98.0	20.9	77.1	0.7	1.3	1764	NA	96213687	371.6
TFCN_17-291Y-1.AAFTF	548	39411463	500	1094103	23247	71918.73	60	192697	201	54757	60.31	NA	31	31	97.4	19.1	78.3	0.8	1.8	1764	NA	40103845	153.7
TFCN_17-325D-4.AAFTF	226	19940129	513	700621	27050	88230.66	25	252797	81	70677	60.55	NA	15	17	96.1	95.9	0.2	1.0	2.9	1764	NA	NA	NA
TFCN_17-325P-1.AAFTF	13	88686	773	42068	1838	6822.00	2	20263	7	1838	56.54	NA	NA	NA	0.1	0.1	0.0	0.0	99.9	1764	NA	NA	NA
TFCN_17-328C-3.AAFTF	411	20834925	500	724941	20957	50693.25	50	125346	166	35829	68.48	NA	11	21	98.6	98.5	0.1	0.7	0.7	1764	NA	NA	NA
TFCN_17-328P-3.AAFTF	494	20842592	500	395808	20111	42191.48	62	95423	215	28846	68.47	NA	11	21	98.5	98.4	0.1	0.8	0.7	1764	NA	NA	NA
TFCN_17-329Y-4.AAFTF	218	19847958	501	1024891	23144	91045.68	23	263172	78	73462	60.57	NA	16	16	95.8	95.8	0.0	1.1	3.1	1764	NA	NA	NA
TFCN_17-331Y-3.AAFTF	9	72257	510	56988	1076	8028.56	1	56988	2	8769	41.73	NA	NA	NA	NA	NA	NA	NA	NA	NA	NA	NA	NA
TFCN_17-332C-1.AAFTF	186	19188919	500	935540	26022	103166.23	21	292254	64	96735	60.61	NA	12	17	93.5	93.4	0.1	1.2	5.3	1764	NA	NA	NA
TFCN_17-332C-2.AAFTF	171	19089374	522	831365	8405	111633.77	19	331224	56	109809	60.61	1	18	11	93.2	93.0	0.2	1.0	5.8	1764	NA	NA	NA
TFCN_17-332D-1.AAFTF	164	19187923	501	791641	28441	116999.53	18	399926	57	101551	60.61	NA	10	19	93.8	93.7	0.1	1.0	5.2	1764	NA	36236368	285.2
TFCN_17-332M-1.AAFTF	299	20065648	506	1258812	17258	67109.19	26	214229	98	52933	60.57	NA	11	12	95.9	95.8	0.1	1.1	3.0	1764	NA	7583794	57.1
TFCN_17-332M-2.AAFTF	380	19633257	503	726248	18740	51666.47	39	145469	144	35296	60.59	NA	9	20	94.7	94.6	0.1	1.7	3.6	1764	NA	4679632	36.0
TFCN_17-332P-1.AAFTF	158	19187860	501	791641	20511	121442.15	17	438700	51	103892	60.61	NA	17	12	93.9	93.8	0.1	1.0	5.1	1764	NA	46045310	362.4
TFCN_17-332P-2.AAFTF	179	19203772	515	685152	10548	107283.64	19	392257	57	101457	60.60	NA	12	17	93.1	92.9	0.2	1.2	5.7	1764	NA	NA	NA
TFCN_17-333D-2.AAFTF	262	19869281	515	793982	28916	75836.95	30	200638	103	53580	60.58	NA	15	16	96.1	96.0	0.1	1.2	2.7	1764	NA	NA	NA
TFCN_17-333P-6.AAFTF	7	41509	1695	20761	2009	5929.86	1	20761	5	1838	55.54	NA	NA	NA	NA	NA	NA	NA	NA	NA	NA	NA	NA
TFCN_17-334C-1.AAFTF	194	19801230	515	828346	21385	102068.20	21	325188	64	101913	60.57	1	16	13	95.7	95.6	0.1	1.0	3.3	1764	NA	NA	NA
TFCN_17-334D-6.AAFTF	9	25732	777	8280	1838	2859.11	2	5280	7	1504	53.34	NA	NA	NA	NA	NA	NA	NA	NA	NA	NA	NA	NA
TFCN_17-334P-3.AAFTF	215	19822975	501	972300	7979	92199.88	20	312451	64	72120	60.57	NA	17	11	95.8	95.6	0.2	1.0	3.2	1764	NA	NA	NA
TFCN_17-334Y-2.AAFTF	165	19412553	501	791638	10549	117651.84	18	404572	52	114650	60.60	NA	16	15	94.4	94.3	0.1	0.9	4.7	1764	NA	NA	NA
TFCN_17-334Y-3.AAFTF	169	19444349	510	1214295	10500	115055.32	15	446003	51	105927	60.59	1	14	15	94.6	94.6	0.0	0.9	4.5	1764	NA	NA	NA
TFCN_17-334Y-5.AAFTF	543	39388280	500	901060	22831	72538.27	54	217399	198	52275	60.31	NA	29	30	97.3	19.8	77.5	0.9	1.8	1764	NA	38713201	148.4
TFCN_17-334Y-6.AAFTF	474	20863499	506	640126	11772	44015.82	50	116718	173	32497	67.00	NA	8	11	97.3	97.2	0.1	1.1	1.6	1764	NA	NA	NA
TFCN_17-337P-5.AAFTF	606	39583193	500	1137130	27358	65318.80	68	167607	240	44835	60.31	NA	28	37	97.4	19.6	77.8	1.0	1.6	1764	NA	22737883	86.7
TFCN_17-338D-3.AAFTF	212	19523771	501	791643	8405	92093.26	20	329410	62	81343	60.56	NA	19	13	94.1	94.1	0.0	0.9	5.0	1764	NA	NA	NA
TFCN_17-390M-1.AAFTF	533	39195702	500	902553	25163	73537.90	57	211456	196	57006	60.31	NA	32	29	97.3	20.4	76.9	1.0	1.7	1764	NA	NA	NA
TFCN_172A-1.AAFTF	193	19799193	500	785518	16078	102586.49	20	331591	62	103667	60.58	NA	19	13	95.5	95.4	0.1	1.1	3.4	1764	NA	NA	NA
TFCN_17Y-278-1.AAFTF	535	39503664	500	938992	25604	73838.62	54	204618	197	53637	60.31	1	28	31	97.5	19.4	78.1	0.6	1.9	1764	NA	NA	NA
TFCN_181A-1.AAFTF	188	19783863	501	791636	32443	105233.31	22	296919	68	78533	60.58	NA	16	15	95.8	95.7	0.1	1.1	3.1	1764	NA	NA	NA
TFCN_186DK3-2.AAFTF	425	18698652	502	436745	26262	43996.83	65	84716	210	27122	62.60	NA	17	13	93.3	93.1	0.2	2.3	4.4	1764	NA	NA	NA
TFCN_1A-1-2.AAFTF	198	19460834	501	826103	28332	98287.04	21	300409	70	67690	60.59	NA	15	14	94.3	94.3	0.0	1.1	4.6	1764	NA	NA	NA
TFCN_1A-1-3.AAFTF	240	19400424	510	757133	29832	80835.10	27	212463	90	61674	60.59	NA	14	17	94.0	94.0	0.0	1.1	4.9	1764	NA	NA	NA
TFCN_1A-14.AAFTF	197	19496671	502	1468268	5416	98967.87	12	472105	48	92632	60.58	NA	11	12	93.5	93.4	0.1	0.7	5.8	1764	NA	NA	NA
TFCN_1B-1-2.AAFTF	4	12146	773	8275	1594	3036.50	1	8275	3	1504	49.45	NA	NA	NA	NA	NA	NA	NA	NA	NA	NA	NA	NA
TFCN_209-6-1.AAFTF	212	19507989	515	828462	11247	92018.82	22	294685	69	82837	60.59	NA	13	19	NA	NA	NA	NA	NA	NA	NA	NA	NA
TFCN_209-6-11.AAFTF	243	19873486	522	791584	24979	81783.89	26	267160	86	64383	60.58	NA	21	11	NA	NA	NA	NA	NA	NA	NA	NA	NA
TFCN_209-6-12.AAFTF	205	19983837	512	872776	26330	97482.13	23	276299	73	79886	60.58	NA	19	13	NA	NA	NA	NA	NA	NA	NA	NA	NA
TFCN_209-6-14.AAFTF	172	19428945	522	828477	26337	112958.98	20	348470	58	86674	60.59	NA	9	23	NA	NA	NA	NA	NA	NA	NA	NA	NA
TFCN_209-6-17.AAFTF	231	19400267	510	791635	24109	83983.84	26	250535	81	66444	60.60	NA	19	13	93.9	93.8	0.1	1.2	4.9	1764	NA	NA	NA
TFCN_209-6-2.AAFTF	157	19406604	502	828445	16422	123608.94	18	421806	50	125018	60.59	NA	15	17	94.3	94.2	0.1	0.9	4.8	1764	NA	NA	NA
TFCN_209-6-4.AAFTF	154	19407856	510	912527	16421	126025.04	17	421806	50	122084	60.59	NA	15	17	94.4	94.3	0.1	0.9	4.7	1764	NA	NA	NA
TFCN_209-6-5.AAFTF	199	19802262	510	792398	28601	99508.85	23	305540	71	71133	60.58	NA	17	15	95.7	95.6	0.1	1.1	3.2	1764	NA	NA	NA
TFCN_211A-3.AAFTF	165	19457103	517	1214350	11247	117921.84	17	404628	53	113908	60.59	NA	19	11	94.5	94.5	0.0	1.0	4.5	1764	NA	NA	NA
TFCN_212C-2.AAFTF	178	19520776	501	793182	11247	109667.28	19	341466	58	101257	60.59	NA	18	13	94.7	94.6	0.1	1.1	4.2	1764	NA	NA	NA
TFCN_213-6-2.AAFTF	222	19859457	501	936782	21349	89457.01	23	276712	76	71053	60.57	NA	19	12	NA	NA	NA	NA	NA	NA	NA	NA	NA
TFCN_213-6-4.AAFTF	204	19504340	500	828445	26402	95609.51	21	323120	74	66441	60.60	NA	13	18	94.7	94.6	0.1	1.0	4.3	1764	NA	NA	NA
TFCN_222A-2.AAFTF	13	47165	523	28419	737	3628.08	1	28419	6	789	45.51	NA	NA	NA	NA	NA	NA	NA	NA	NA	NA	NA	NA
TFCN_22C-4.AAFTF	471	37783484	500	878230	22756	80219.71	49	228309	164	61487	60.29	NA	28	30	97.8	25.9	71.9	0.6	1.6	1764	NA	NA	NA
TFCN_25-0-2E332-1.AAFTF	850	19896078	504	225817	12991	23407.15	131	47692	420	13704	60.58	NA	13	12	94.3	94.2	0.1	2.2	3.5	1764	NA	NA	NA
TFCN_25-0-2E333-1.AAFTF	495	39503921	500	876944	31653	79805.90	56	207449	191	56463	60.31	NA	33	29	97.3	19.4	77.9	1.0	1.7	1764	NA	NA	NA
TFCN_25-0-2E333-5.AAFTF	196	19458260	515	1529031	16608	99276.84	18	309876	63	79626	60.58	NA	14	16	NA	NA	NA	NA	NA	NA	NA	NA	NA
TFCN_25-0-2E333-7.AAFTF	205	19643928	506	1060697	15689	95824.04	18	331372	64	78148	60.57	NA	22	10	NA	NA	NA	NA	NA	NA	NA	NA	NA
TFCN_25-0-2E333-9.AAFTF	260	19813255	504	704304	27812	76204.83	30	216935	99	54406	60.57	NA	17	16	NA	NA	NA	NA	NA	NA	NA	NA	NA
TFCN_25-0-2E390-1.AAFTF	480	37957563	500	877356	12399	79078.26	47	249243	157	65805	60.29	NA	31	28	97.5	24.9	72.6	0.8	1.7	1764	NA	NA	NA
TFCN_25-325Y-1.AAFTF	188	19491306	501	791645	11247	103677.16	19	348044	58	94095	60.58	1	16	16	94.0	94.0	0.0	1.1	4.9	1764	NA	NA	NA
TFCN_25-327D-1.AAFTF	157	19461465	501	1214337	11192	123958.38	17	356426	50	116897	60.59	NA	14	15	94.5	94.5	0.0	1.0	4.5	1764	NA	NA	NA
TFCN_25-331D-1.AAFTF	451	37714571	500	1311054	24698	83624.33	47	237653	160	70329	60.29	NA	32	29	97.5	26.2	71.3	0.7	1.8	1764	NA	NA	NA
TFCN_25-332C-1.AAFTF	163	19106274	501	791643	16425	117216.40	18	421806	53	114721	60.62	NA	18	11	93.2	93.1	0.1	1.0	5.8	1764	NA	NA	NA
TFCN_25-332D-1.AAFTF	153	19110108	501	828457	10500	124902.67	17	428259	48	118592	60.62	NA	18	11	93.5	93.4	0.1	0.9	5.6	1764	NA	NA	NA
TFCN_25-332D-2.AAFTF	8	25741	583	8277	1838	3217.62	2	7652	6	1504	55.24	NA	NA	NA	0.1	0.1	0.0	0.0	99.9	1764	NA	NA	NA
TFCN_25-332M-1.AAFTF	153	19110230	501	828456	10500	124903.46	17	421806	48	125018	60.62	NA	12	17	93.2	93.1	0.1	1.1	5.7	1764	NA	NA	NA
TFCN_25-332P-2.AAFTF	185	19368964	522	828451	20366	104697.10	22	317119	60	83343	60.59	NA	17	12	NA	NA	NA	NA	NA	NA	NA	NA	NA
TFCN_25-332Y-1.AAFTF	201	18919181	515	793872	16461	94125.28	21	292273	65	76750	60.61	NA	17	12	NA	NA	NA	NA	NA	NA	NA	NA	NA
TFCN_25-333C-2.AAFTF	141	19552729	510	1390201	11192	138671.84	14	503675	42	116714	60.59	1	17	16	95.2	95.2	0.0	0.7	4.1	1764	NA	NA	NA
TFCN_25-333D-1.AAFTF	18	67124	505	35296	1073	3729.11	1	35296	9	1073	49.05	NA	NA	NA	NA	NA	NA	NA	NA	NA	NA	NA	NA
TFCN_25-333D-5.AAFTF	362	20873478	502	564382	20792	57661.54	39	170386	134	38462	68.47	NA	16	14	NA	NA	NA	NA	NA	NA	NA	NA	NA
TFCN_25-333P-2.AAFTF	175	19446725	522	1113476	14000	111124.14	18	349017	56	105956	60.59	NA	19	11	NA	NA	NA	NA	NA	NA	NA	NA	NA
TFCN_25-333P-5.AAFTF	112	20786803	529	1237719	77441	185596.46	13	443463	44	110058	64.24	1	15	17	NA	NA	NA	NA	NA	NA	NA	NA	NA
TFCN_25-333Y-10.AAFTF	257	19853881	500	1542869	19414	77252.46	25	236995	90	55186	60.03	NA	11	18	NA	NA	NA	NA	NA	NA	NA	NA	NA
TFCN_25-333Y-2.AAFTF	568	20890345	502	344331	18079	36778.78	75	91570	253	22494	68.46	NA	23	7	98.5	98.3	0.2	0.7	0.8	1764	NA	NA	NA
TFCN_25-333Y-9.AAFTF	146	19551824	506	1389801	9348	133916.60	15	502218	43	143700	60.59	1	14	16	94.8	94.8	0.0	0.9	4.3	1764	NA	NA	NA
TFCN_25-334D-3.AAFTF	222	19150555	512	608309	35215	86263.76	27	253218	82	67505	60.56	NA	14	17	NA	NA	NA	NA	NA	NA	NA	NA	NA
TFCN_25-334Y-6.AAFTF	165	19866571	500	1602272	13056	120403.46	16	393045	50	113659	60.03	NA	12	17	96.2	96.0	0.2	1.1	2.7	1764	NA	NA	NA
TFCN_25-335C-1.AAFTF	420	20904776	501	597296	11235	49773.28	43	140832	143	38844	67.00	NA	11	8	97.9	97.8	0.1	0.7	1.4	1764	NA	NA	NA
TFCN_25-335P-1.AAFTF	1287	20819154	500	154319	7996	16176.50	184	33901	601	9573	66.95	NA	6	13	94.4	94.3	0.1	3.1	2.5	1764	NA	NA	NA
TFCN_25-335Y-1.AAFTF	316	19689589	502	790248	15653	62308.83	33	176764	111	54359	60.59	NA	13	16	95.3	95.2	0.1	1.1	3.6	1764	NA	NA	NA
TFCN_25-337M-3.AAFTF	323	19634176	522	607397	27285	60786.92	41	154926	134	43184	60.59	NA	15	14	NA	NA	NA	NA	NA	NA	NA	NA	NA
TFCN_25-337Y-1.AAFTF	136	18444920	501	786123	25025	135624.41	17	418411	47	122065	60.57	NA	14	15	90.0	89.9	0.1	1.0	9.0	1764	NA	NA	NA
TFCN_25-395P-1.AAFTF	176	19747521	505	1546415	14131	112201.82	14	423280	51	99410	60.03	NA	11	19	96.1	96.0	0.1	1.2	2.7	1764	NA	NA	NA
TFCN_270H-1.AAFTF	7	19457	777	8130	1695	2779.57	2	3593	5	1569	51.98	NA	NA	NA	NA	NA	NA	NA	NA	NA	NA	NA	NA
TFCN_270H-2.AAFTF	224	19816660	515	755730	17961	88467.23	24	255000	79	79381	60.57	NA	16	14	NA	NA	NA	NA	NA	NA	NA	NA	NA
TFCN_273H-1.AAFTF	213	19444492	510	791639	16310	91288.69	22	290656	70	68969	60.59	NA	16	14	94.3	94.3	0.0	1.0	4.7	1764	NA	NA	NA
TFCN_2M-1-4.AAFTF	187	19462617	515	859702	11247	104078.17	18	355919	60	86570	60.59	NA	17	13	NA	NA	NA	NA	NA	NA	NA	NA	NA
TFCN_33A-4.AAFTF	209	19883681	500	1602077	9263	95137.23	14	426577	57	92449	60.00	1	15	18	96.3	96.2	0.1	1.2	2.5	1764	NA	NA	NA
TFCN_340-1.AAFTF	167	19453738	510	1214422	11192	116489.45	16	364278	49	114282	60.59	1	13	19	94.5	94.5	0.0	0.9	4.6	1764	NA	NA	NA
TFCN_340-3.AAFTF	150	19457224	504	1214407	16464	129714.83	15	463002	45	122057	60.59	1	12	20	NA	NA	NA	NA	NA	NA	NA	NA	NA
TFCN_342-2.AAFTF	108	20906552	524	1757878	76113	193579.19	13	567052	43	133996	64.20	1	12	12	98.0	97.9	0.1	0.8	1.2	1764	NA	NA	NA
TFCN_342-3.AAFTF	198	19895519	515	793862	14190	100482.42	20	331784	64	89616	60.57	NA	14	16	NA	NA	NA	NA	NA	NA	NA	NA	NA
TFCN_357-1.AAFTF	110	19550934	506	1127915	23347	177735.76	13	567933	35	181616	60.63	1	20	13	97.3	97.3	0.0	0.7	2.0	1764	NA	NA	NA
TFCN_363-1-2.AAFTF	255	19899179	504	720594	30917	78036.00	31	208793	100	54362	60.57	NA	12	20	NA	NA	NA	NA	NA	NA	NA	NA	NA
TFCN_3M-1-1.AAFTF	7961	27173203	481	907325	889	3413.29	46	111988	3871	906	60.53	NA	16	22	87.8	84.2	3.6	2.0	10.2	1764	NA	NA	NA
TFCN_404D-1.AAFTF	1043	39510877	500	294625	20672	37881.95	150	80417	486	24135	60.30	NA	31	30	NA	NA	NA	NA	NA	NA	NA	NA	NA
TFCN_43A-0-22.AAFTF	189	20867047	504	1207019	31732	110407.66	20	337475	67	79722	64.20	NA	18	13	NA	NA	NA	NA	NA	NA	NA	NA	NA
TFCN_43A-4.AAFTF	200	20927309	500	804245	5558	104636.54	17	379079	55	116455	64.19	NA	16	15	97.9	97.8	0.1	0.8	1.3	1764	NA	NA	NA
TFCN_48A-10.AAFTF	121	20787493	505	1186960	84353	171797.46	14	387881	51	119594	64.24	1	15	16	NA	NA	NA	NA	NA	NA	NA	NA	NA
TFCN_48A-15.AAFTF	168	20868436	503	1074587	8707	124216.88	14	532716	49	120764	64.21	1	13	18	98.1	98.0	0.1	0.6	1.3	1764	NA	NA	NA
TFCN_48A-2.AAFTF	88	20791067	561	1609146	112206	236262.12	11	599836	36	194922	64.24	1	14	18	NA	NA	NA	NA	NA	NA	NA	NA	NA
TFCN_48A-3.AAFTF	124	20788228	505	1237308	49459	167647.00	14	466237	45	147195	64.24	NA	14	17	97.9	97.9	0.0	0.6	1.5	1764	NA	NA	NA
TFCN_48C-3.AAFTF	118	20786719	507	1417952	74742	176158.64	17	387856	50	119640	64.24	NA	16	15	NA	NA	NA	NA	NA	NA	NA	NA	NA
TFCN_48D-10.AAFTF	196	20785756	505	907315	55753	106049.78	27	222162	89	65667	64.24	NA	10	21	97.6	97.6	0.0	1.0	1.4	1764	NA	NA	NA
TFCN_48D-4.AAFTF	123	20790533	505	1228413	69820	169028.72	16	402897	48	139533	64.24	NA	19	13	NA	NA	NA	NA	NA	NA	NA	NA	NA
TFCN_49A-1.AAFTF	169	20867985	503	1649796	8565	123479.20	15	387582	51	135789	64.21	NA	14	17	97.9	97.8	0.1	0.7	1.4	1764	NA	NA	NA
TFCN_4M-1-2.AAFTF	4	12949	920	8297	2009	3237.25	1	8297	3	1723	49.86	NA	NA	NA	NA	NA	NA	NA	NA	NA	NA	NA	NA
TFCN_4M-1-3.AAFTF	175	19499295	501	793177	24109	111424.54	19	348146	59	101266	60.60	NA	16	15	94.8	94.8	0.0	0.8	4.4	1764	NA	NA	NA
TFCN_4M-1-4.AAFTF	217	19585954	515	675964	26314	90257.85	25	250065	78	81121	60.58	NA	17	13	NA	NA	NA	NA	NA	NA	NA	NA	NA
TFCN_4M-1-5.AAFTF	155	19407481	501	828501	11243	125209.55	18	404570	50	122043	60.60	NA	21	10	94.4	94.4	0.0	0.9	4.7	1764	NA	NA	NA
TFCN_54D-1.AAFTF	562	39243416	500	938773	15651	69828.14	56	208520	191	55602	60.30	1	29	30	97.4	20.0	77.4	0.7	1.9	1764	NA	NA	NA
TFCN_54D-2.AAFTF	7	19374	773	8275	1725	2767.71	2	3665	6	1504	52.15	NA	NA	NA	NA	NA	NA	NA	NA	NA	NA	NA	NA
TFCN_7-9-3.AAFTF	25	110940	504	31674	1296	4437.60	3	12683	12	1327	56.36	NA	NA	NA	NA	NA	NA	NA	NA	NA	NA	NA	NA
TFCN_7W-292-3.AAFTF	181	19235260	540	871300	22363	106272.15	20	311662	64	96976	62.03	NA	15	13	NA	NA	NA	NA	NA	NA	NA	NA	NA
TFCN_83C-1.AAFTF	105	17429043	518	1522121	57336	165990.89	11	544259	40	111755	63.52	NA	11	19	97.0	96.9	0.1	0.7	2.3	1764	NA	NA	NA
TFCN_86A-12.AAFTF	218	19678667	516	675954	23001	90269.11	24	274960	75	72259	60.58	NA	16	15	NA	NA	NA	NA	NA	NA	NA	NA	NA
TFCN_86A-3.AAFTF	290	19823791	502	790242	24808	68357.90	35	182037	108	53997	60.58	NA	18	13	96.0	95.9	0.1	1.1	2.9	1764	NA	NA	NA
TFCN_86A-6.AAFTF	170	17425184	511	963990	48621	102501.08	19	257118	75	58283	63.57	NA	16	10	NA	NA	NA	NA	NA	NA	NA	NA	NA
TFCN_86A-8.AAFTF	106	17394769	515	1094861	53649	164101.59	13	414978	41	127588	63.54	1	18	14	96.9	96.8	0.1	1.0	2.1	1764	NA	NA	NA
TFCN_86C-10.AAFTF	120	17379194	502	1390917	54236	144826.62	13	417965	45	118145	63.53	NA	13	17	96.8	96.7	0.1	0.9	2.3	1764	NA	NA	NA
TFCN_86C-7.AAFTF	12	44300	507	28419	738	3691.67	1	28419	5	744	44.24	NA	NA	NA	NA	NA	NA	NA	NA	NA	NA	NA	NA
TFCN_86C-9.AAFTF	100	17395316	507	1086469	67011	173953.16	12	513142	40	120009	63.54	1	14	18	96.9	96.8	0.1	0.9	2.2	1764	NA	NA	NA
TFCN_89D-3.AAFTF	286	20007491	504	564871	25998	69956.26	36	177414	111	54473	60.57	NA	17	12	NA	NA	NA	NA	NA	NA	NA	NA	NA
TFCN_98A-10.AAFTF	171	19464785	501	828453	16523	113829.15	19	351683	55	94094	60.59	NA	15	14	94.4	94.4	0.0	1.0	4.6	1764	NA	NA	NA
TFCN_98C-3.AAFTF	217	19399897	500	790229	22678	89400.45	25	241223	77	81512	60.59	NA	17	14	NA	NA	NA	NA	NA	NA	NA	NA	NA
TFCN_98C-5.AAFTF	968	20020795	500	791628	600	20682.64	21	323122	75	55604	60.60	NA	19	12	94.5	94.3	0.2	1.4	4.1	1764	NA	NA	NA
TFCN_98C-7.AAFTF	197	19546948	522	828456	22638	99223.09	22	292262	67	80433	60.59	NA	18	11	NA	NA	NA	NA	NA	NA	NA	NA	NA
TFCN_98C-8.AAFTF	174	19405165	501	791635	26362	111523.94	19	341477	59	86361	60.60	NA	17	14	94.3	94.3	0.0	0.9	4.8	1764	NA	NA	NA
TFCN_98D-11.AAFTF	208	19788362	515	904908	27002	95136.36	22	290121	73	76632	60.58	NA	14	17	NA	NA	NA	NA	NA	NA	NA	NA	NA
TFCN_98D-7.AAFTF	179	19404032	510	791630	28328	108402.41	20	331566	63	93421	60.59	NA	15	17	94.2	94.1	0.1	1.0	4.8	1764	NA	NA	NA
TFCN_98D-9.AAFTF	205	19398946	520	792398	24967	94629.00	24	267142	71	87227	60.59	NA	15	17	NA	NA	NA	NA	NA	NA	NA	NA	NA
TFCN_S22D-1.AAFTF	2	37455	8060	29395	29395	18727.50	1	29395	2	8060	42.24	NA	NA	NA	NA	NA	NA	NA	NA	NA	NA	NA	NA
VS_AB_II_KN_2.AAFTF	136	18668919	502	1848945	8335	137271.46	12	537784	39	125275	59.99	NA	15	16	90.2	90.1	0.1	1.5	8.3	1764	NA	24166239	194.6
Y-12923.AAFTF	253	20780792	500	920740	42194	82137.52	34	188800	112	55710	64.21	NA	13	15	97.7	97.7	0.0	1.1	1.2	1764	NA	4482511	32.6
Y-2510.AAFTF	236	19963686	518	791702	24754	84591.89	27	225334	85	69001	60.58	NA	16	16	96.2	96.2	0.0	1.2	2.6	1764	NA	8847887	66.9
Y-7196.AAFTF	348	20975983	501	672415	8156	60275.81	33	200922	110	54958	66.99	NA	8	11	97.6	97.4	0.2	0.7	1.7	1764	NA	21992805	158.3
rhodo3571.AAFTF	1163	19936532	504	161709	9160	17142.33	167	36179	568	9566	60.55	NA	15	16	91.0	90.9	0.1	4.4	4.6	1764	NA	6855894	51.9
